{"cameraMode":{"drawMode":0,"name":"Shaded","section":"Shading Mode"},"sceneLighting":false,"audioPlay":false,"sceneViewState":{"m_AlwaysRefresh":false,"showFog":true,"showSkybox":false,"showFlares":true,"showImageEffects":true,"showParticleSystems":true,"showVisualEffectGraphs":true,"m_FxEnabled":true},"in2DMode":false,"pivot":{"x":0.9032244086265564,"y":1.3045713901519776,"z":1.6334254741668702},"rotation":{"x":-0.15710772573947907,"y":-0.7197537422180176,"z":0.17292295396327973,"w":-0.6537632346153259},"size":1.4361432790756226,"orthographic":false}