{"cameraMode":{"drawMode":0,"name":"Shaded","section":"Shading Mode"},"sceneLighting":true,"audioPlay":false,"sceneViewState":{"m_AlwaysRefresh":false,"showFog":true,"showSkybox":true,"showFlares":true,"showImageEffects":true,"showParticleSystems":true,"showVisualEffectGraphs":true,"m_FxEnabled":true},"in2DMode":false,"pivot":{"x":2.3347349166870119,"y":4.059318542480469,"z":-5.499305725097656},"rotation":{"x":-0.11079613119363785,"y":0.06996326893568039,"z":-0.007852109149098397,"w":-0.991308867931366},"size":0.9405180215835571,"orthographic":false}