{"cameraMode":{"drawMode":0,"name":"Shaded","section":"Shading Mode"},"sceneLighting":true,"audioPlay":false,"sceneViewState":{"m_AlwaysRefresh":false,"showFog":true,"showSkybox":true,"showFlares":true,"showImageEffects":true,"showParticleSystems":true,"showVisualEffectGraphs":true,"m_FxEnabled":true},"in2DMode":false,"pivot":{"x":-24.105867385864259,"y":-16.050922393798829,"z":23.103973388671876},"rotation":{"x":0.20393060147762299,"y":-0.3832893371582031,"z":0.0876491516828537,"w":0.8966518640518189},"size":23.745895385742189,"orthographic":false}