{"cameraMode":{"drawMode":0,"name":"Shaded","section":"Shading Mode"},"sceneLighting":true,"audioPlay":false,"sceneViewState":{"m_AlwaysRefresh":false,"showFog":true,"showSkybox":true,"showFlares":true,"showImageEffects":true,"showParticleSystems":true,"showVisualEffectGraphs":true,"m_FxEnabled":true},"in2DMode":false,"pivot":{"x":-9.536994934082032,"y":3.8853697776794435,"z":-2.8819966316223146},"rotation":{"x":-0.15767550468444825,"y":-0.4252975285053253,"z":0.07566410303115845,"w":-0.8879064321517944},"size":1.9146113395690919,"orthographic":false}