{"cameraMode":{"drawMode":0,"name":"Shaded","section":"Shading Mode"},"sceneLighting":true,"audioPlay":false,"sceneViewState":{"m_AlwaysRefresh":false,"showFog":true,"showSkybox":true,"showFlares":true,"showImageEffects":true,"showParticleSystems":true,"showVisualEffectGraphs":true,"m_FxEnabled":true},"in2DMode":false,"pivot":{"x":0.3653756380081177,"y":2.8201255798339845,"z":-4.802609443664551},"rotation":{"x":-0.01680910773575306,"y":0.0020960073452442886,"z":-0.000051501308917067945,"w":-0.9998681545257568},"size":1.0792253017425538,"orthographic":false}