{"cameraMode":{"drawMode":0,"name":"Shaded","section":"Shading Mode"},"sceneLighting":true,"audioPlay":false,"sceneViewState":{"m_AlwaysRefresh":false,"showFog":true,"showSkybox":true,"showFlares":true,"showImageEffects":true,"showParticleSystems":true,"showVisualEffectGraphs":true,"m_FxEnabled":true},"in2DMode":false,"pivot":{"x":14.837650299072266,"y":-6.444807529449463,"z":12.625072479248047},"rotation":{"x":-0.16346357762813569,"y":-0.3504457473754883,"z":0.06223197653889656,"w":-0.9201231598854065},"size":13.608617782592774,"orthographic":false}