{"cameraMode":{"drawMode":0,"name":"Shaded","section":"Shading Mode"},"sceneLighting":true,"audioPlay":false,"sceneViewState":{"m_AlwaysRefresh":false,"showFog":true,"showSkybox":true,"showFlares":true,"showImageEffects":true,"showParticleSystems":true,"showVisualEffectGraphs":true,"m_FxEnabled":true},"in2DMode":false,"pivot":{"x":-7.635088920593262,"y":-6.777260780334473,"z":16.00702667236328},"rotation":{"x":-0.18028613924980164,"y":0.22556139528751374,"z":-0.042541176080703738,"w":-0.9564732909202576},"size":13.608617782592774,"orthographic":false}